{
    "AGGAN CT11_135.0kV": [
        19.827881,
        67.8
    ],
    "AGGAN CT11_400.0kV": [
        19.827881,
        66.888163
    ],
    "ATOMSBERG FT61_400.0kV": [
        13.696662,
        57.07374
    ],
    "BLOCKET FT51_400.0kV": [
        16.002903,
        54.035525
    ],
    "DALBO FT41_400.0kV": [
        15.002903,
        59.535525
    ],
    "ERIKSHAMN FT47_400.0kV": [
        18.282421,
        57.456389
    ],
    "HALLAN CT72_400.0kV": [
        27.312569,
        65.386818
    ],
    "HASTSJO RT132_135.0kV": [
        17.502903,
        56.535525
    ],
    "JAURAS CT71_400.0kV": [
        26.607238,
        67.387671
    ],
    "KARNAN FT44_400.0kV": [
        18.182421,
        59.456389
    ],
    "MITTLANDA FT45_400.0kV": [
        19.382421,
        58.256389
    ],
    "NJAGGO CT21_400.0kV": [
        19.487919,
        62.956333
    ],
    "NORRSELE AT241_220.0kV": [
        12.420925,
        60.974554
    ],
    "NORRAS FT42_135.0kV": [
        17.002903,
        58.035525
    ],
    "NORRAS FT42_400.0kV": [
        15.402903,
        58.535525
    ],
    "NYSTAD RT133_135.0kV": [
        15.502903,
        56.035525
    ],
    "OLMAFALLET AT121_135.0kV": [
        16.144969,
        67.05019
    ],
    "RUTHUVUD FT62_400.0kV": [
        13.494514,
        54.035525
    ],
    "STENFORSEN CT31_220.0kV": [
        14.898688,
        60.974554
    ],
    "STENFORSEN CT31_400.0kV": [
        15.898688,
        60.974554
    ],
    "STORFORS AT131_135.0kV": [
        13.203632,
        62.956333
    ],
    "STORTRASK CT22_135.0kV": [
        15.675896,
        62.956333
    ],
    "STORTRASK CT22_400.0kV": [
        16.949038,
        62.956333
    ],
    "STUPET CT12_135.0kV": [
        15.338445,
        65.256051
    ],
    "STUPET CT12_400.0kV": [
        16.330312,
        65.59133
    ],
    "SYDBACK FT63_400.0kV": [
        13.094514,
        53.035525
    ],
    "SYDKOPING FT50_135.0kV": [
        17.002903,
        55.035525
    ],
    "SYDKOPING FT50_400.0kV": [
        15.002903,
        55.035525
    ],
    "TORNA CT32_400.0kV": [
        17.882421,
        60.974554
    ],
    "UPPMARK FT43_400.0kV": [
        18.382421,
        58.456389
    ],
    "VATTENDRAGET AT111_135.0kV": [
        17.475847,
        68.019844
    ],
    "YTTERFORSEN RT131_135.0kV": [
        15.502903,
        57.035525
    ]
}